SCHLTYPE,Mean,s.e.
Private,0.213898504315664,0.048578621322814
Public,-1.34728160017983,0.0253232270713542
