Area,ICC
Reading,0.431660737334451
Mathematics,0.438731574327161
Sciences,0.444097550300401
