Area,ICC
Reading,0.268766641538047
Mathematics,0.287189106202183
Sciences,0.284285106454856
