Area,ICC
Reading,0.185003188694131
Mathematics,0.197112978523297
Sciences,0.200979399286878
