Area,ICC
Reading,0.18539173282482
Mathematics,0.197416705573026
Sciences,0.201307925555197
