Area,ICC
Reading,0.173617223209974
Mathematics,0.187891906867005
Sciences,0.191831163167917
