Area,ICC
Reading,0.13909773078125
Mathematics,0.157944546751675
Sciences,0.162138659385101
