Area,ICC
Reading,0.152293793973791
Mathematics,0.168878205516077
Sciences,0.173041825928553
